[
  {
    "image": "/images/team/washington.png",
    "name": "Washington Segundo",
    "lattes": "http://lattes.cnpq.br/9453481318889500"
  },
  {
    "image": "/images/team/vivian.png",
    "name": "Vivian Silva",
    "lattes": "http://lattes.cnpq.br/6480849016794725"
  },
  {
    "image": "/images/team/vanessa.png",
    "name": "Vanessa Jorge",
    "lattes": "http://lattes.cnpq.br/0218139692140149"
  },
  {
    "image": "/images/team/ulisses-argileu.png",
    "name": "Ulisses Silva",
    "lattes": "http://lattes.cnpq.br/1845547421522138"
  },
  {
    "image": "/images/team/tiago-alves.png",
    "name": "Tiago Oliveira",
    "lattes": "http://lattes.cnpq.br/5021181563738789"
  },
  {
    "image": "/images/team/thiago-pereira.png",
    "name": "Thiago da Nóbrega",
    "lattes": "http://lattes.cnpq.br/5048923517404787"
  },
  {
    "image": "/images/team/thiago-magela.png",
    "name": "Thiago Dias",
    "lattes": "http://lattes.cnpq.br/4687858846001290"
  },
  {
    "image": "/images/team/tales.png",
    "name": "Tales Moreira",
    "lattes": "http://lattes.cnpq.br/6579166915730771"
  },
  {
    "image": "/images/team/sergio-antonio.png",
    "name": "Sergio de Freitas",
    "lattes": "http://lattes.cnpq.br/0395549254894676"
  },
  {
    "image": "/images/team/rene.png",
    "name": "Rene Junior",
    "lattes": "http://lattes.cnpq.br/5900345665779424"
  },
  {
    "image": "/images/team/renan-rangel.png",
    "name": "Renan Oliveira",
    "lattes": "http://lattes.cnpq.br/7645668504078091"
  },
  {
    "image": "/images/team/renan-carneiro.png",
    "name": "Renan Carneiro",
    "lattes": "http://lattes.cnpq.br/0834465625018073"
  },
  {
    "image": "/images/team/raulivan.png",
    "name": "Raulivan Silva",
    "lattes": "http://lattes.cnpq.br/6465763991846426"
  },
  {
    "image": "/images/team/rafael-ramos.png",
    "name": "Rafael Ramos",
    "lattes": "https://lattes.cnpq.br/3870168115650458"
  },
  {
    "image": "/images/team/rafaela-lora.png",
    "name": "Rafaela Grando",
    "lattes": "http://lattes.cnpq.br/9331747925363529"
  },
  {
    "image": "/images/team/priscila-machado.png",
    "name": "Priscila Sena",
    "lattes": "http://lattes.cnpq.br/0155235005204514"
  },
  {
    "image": "/images/team/patricia.png",
    "name": "Patricia Neubert",
    "lattes": "http://lattes.cnpq.br/8506732139258131"
  },
  {
    "image": "/images/team/nayara.png",
    "name": "Nayara Gonzaga",
    "lattes": "http://lattes.cnpq.br/9037144618891265"
  },
  {
    "image": "/images/team/milena.png",
    "name": "Milena Silva",
    "lattes": "http://lattes.cnpq.br/3773267134438950"
  },
  {
    "image": "/images/team/mateus.png",
    "name": "Mateus Dias",
    "lattes": "http://lattes.cnpq.br/1703499698942834"
  },
  {
    "image": "/images/team/marco-faria.png",
    "name": "Marcos Faria",
    "lattes": "http://lattes.cnpq.br/1599452098018232"
  },
  {
    "image": "/images/team/marcio-ribeiro.png",
    "name": "Márcio do Amaral",
    "lattes": "http://lattes.cnpq.br/8065700880932257"
  },
  {
    "image": "/images/team/lucca.png",
    "name": "Lucca Ramalho",
    "lattes": "http://lattes.cnpq.br/6421832972643821"
  },
  {
    "image": "/images/team/luc.png",
    "name": "Luc Quoniam",
    "lattes": "http://lattes.cnpq.br/4754764003480925"
  },
  {
    "image": "/images/team/lilian.png",
    "name": "Lillian Alvares",
    "lattes": "http://lattes.cnpq.br/5541636086123721"
  },
  {
    "image": "/images/team/liliane.png",
    "name": "Liliane Araújo",
    "lattes": "http://lattes.cnpq.br/2108705558593619"
  },
  {
    "image": "/images/team/leonardo.png",
    "name": "Leonardo Vitoriano",
    "lattes": "http://lattes.cnpq.br/7005579044768503"
  },
  {
    "image": "/images/team/lautaro.png",
    "name": "Lautaro Matas",
    "lattes": "http://lattes.cnpq.br/6322724400053732"
  },
  {
    "image": "/images/team/jose-edilson.png",
    "name": "José Filho",
    "lattes": "http://lattes.cnpq.br/3222974341657135"
  },
  {
    "image": "/images/team/joaquim.png",
    "name": "Joaquim Oliveira",
    "lattes": "https://lattes.cnpq.br/2755165196564044"
  },
  {
    "image": "/images/team/jesus.png",
    "name": "Jesús Chalco",
    "lattes": "http://lattes.cnpq.br/4727357182510680"
  },
  {
    "image": "/images/team/jesiel.png",
    "name": "Jesiel Viana",
    "lattes": "http://lattes.cnpq.br/3289893197495423"
  },
  {
    "image": "/images/team/ingrid.png",
    "name": "Ingrid Pacheco",
    "lattes": "http://lattes.cnpq.br/5797847816206981"
  },
  {
    "image": "/images/team/flavio-roberto.png",
    "name": "Flávio Silva",
    "lattes": "http://lattes.cnpq.br/4875792884731951"
  },
  {
    "image": "/images/team/fabio.png",
    "name": "Fabio Canto",
    "lattes": "http://lattes.cnpq.br/5914776544385758"
  },
  {
    "image": "/images/team/daniel.png",
    "name": "Daniel Sundfeld",
    "lattes": "http://lattes.cnpq.br/2619423058109475"
  },
  {
    "image": "/images/team/bianca-amaro.png",
    "name": "Bianca Amaro",
    "lattes": "http://lattes.cnpq.br/1445782939373313"
  },
  {
    "image": "/images/team/andre-correa.png",
    "name": "André da Silva",
    "lattes": "http://lattes.cnpq.br/7541182802224042"
  },
  {
    "image": "/images/team/andre-luiz.png",
    "name": "André Lanna",
    "lattes": "http://lattes.cnpq.br/5685720614944773"
  },
  {
    "image": "/images/team/adilson-pinto.png",
    "name": "Adilson Luiz",
    "lattes": "http://lattes.cnpq.br/4767432940301118"
  }
]
